{
  "openapi": "3.0.1",
  "info": {
    "title": "task12_api",
    "version": "2025-01-17T12:47:01Z"
  },
  "servers": [
    {
      "url": "https://nkl3yvoazj.execute-api.eu-central-1.amazonaws.com/{basePath}",
      "variables": {
        "basePath": {
          "default": "api"
        }
      }
    }
  ],
  "paths": {
    "/reservations": {
      "get": {
        "description": "List of reservations",
        "summary": "List of all made reservations",
        "responses": {
          "200": {
            "description": "200 response",
            "headers": {
              "Access-Control-Allow-Origin": {
                "schema": {
                  "type": "string"
                }
              }
            },
            "content": {
              "application/json": {
                "schema": {
                  "$ref": "#/components/schemas/ReservationList"
                }
              }
            }
          },
          "400": {
            "description": "Error"
          },
          "401": {
            "description": "Unauthorized"
          }
        },
        "security": [
          {
            "authorizer": []
          }
        ],
        "x-amazon-apigateway-integration": {
          "httpMethod": "POST",
          "uri": "arn:aws:apigateway:eu-central-1:lambda:path/2015-03-31/functions/arn:aws:lambda:eu-central-1:905418349556:function:api_handler/invocations",
          "responses": {
            "default": {
              "statusCode": "200",
              "responseParameters": {
                "method.response.header.Access-Control-Allow-Origin": "'*'"
              }
            }
          },
          "passthroughBehavior": "when_no_match",
          "type": "aws_proxy"
        }
      },
      "post": {
        "description": "Create reservation",
        "summary": "Create new reservation",
        "requestBody": {
          "description": "Payload to create new reservation",
          "content": {
            "application/json": {
              "schema": {
                "$ref": "#/components/schemas/Reservation"
              }
            }
          }
        },
        "responses": {
          "200": {
            "description": "200 response",
            "headers": {
              "Access-Control-Allow-Origin": {
                "schema": {
                  "type": "string"
                }
              }
            },
            "content": {
              "application/json": {
                "schema": {
                  "$ref": "#/components/schemas/ReservationId"
                }
              }
            }
          },
          "400": {
            "description": "Error"
          },
          "401": {
            "description": "Unauthorized"
          }
        },
        "security": [
          {
            "authorizer": []
          }
        ],
        "x-amazon-apigateway-integration": {
          "httpMethod": "POST",
          "uri": "arn:aws:apigateway:eu-central-1:lambda:path/2015-03-31/functions/arn:aws:lambda:eu-central-1:905418349556:function:api_handler/invocations",
          "responses": {
            "default": {
              "statusCode": "200",
              "responseParameters": {
                "method.response.header.Access-Control-Allow-Origin": "'*'"
              }
            }
          },
          "passthroughBehavior": "when_no_match",
          "type": "aws_proxy"
        }
      },
      "options": {
        "responses": {
          "200": {
            "description": "200 response",
            "headers": {
              "Access-Control-Allow-Origin": {
                "schema": {
                  "type": "string"
                }
              },
              "Access-Control-Allow-Methods": {
                "schema": {
                  "type": "string"
                }
              },
              "Access-Control-Allow-Headers": {
                "schema": {
                  "type": "string"
                }
              }
            },
            "content": {
              "application/json": {
                "schema": {
                  "$ref": "#/components/schemas/Empty"
                }
              }
            }
          }
        },
        "x-amazon-apigateway-integration": {
          "responses": {
            "default": {
              "statusCode": "200",
              "responseParameters": {
                "method.response.header.Access-Control-Allow-Methods": "'*'",
                "method.response.header.Access-Control-Allow-Headers": "'Content-Type,X-Amz-Date,Authorization,X-Api-Key,X-Amz-Security-Token'",
                "method.response.header.Access-Control-Allow-Origin": "'*'"
              }
            }
          },
          "requestTemplates": {
            "application/json": "{\"statusCode\": 200}"
          },
          "passthroughBehavior": "when_no_match",
          "type": "mock"
        }
      }
    },
    "/tables": {
      "get": {
        "description": "List the tables",
        "summary": "List all available tables",
        "responses": {
          "200": {
            "description": "200 response",
            "headers": {
              "Access-Control-Allow-Origin": {
                "schema": {
                  "type": "string"
                }
              }
            },
            "content": {
              "application/json": {
                "schema": {
                  "$ref": "#/components/schemas/TableList"
                }
              }
            }
          },
          "400": {
            "description": "Error"
          },
          "401": {
            "description": "Unauthorized"
          }
        },
        "security": [
          {
            "authorizer": []
          }
        ],
        "x-amazon-apigateway-integration": {
          "httpMethod": "POST",
          "uri": "arn:aws:apigateway:eu-central-1:lambda:path/2015-03-31/functions/arn:aws:lambda:eu-central-1:905418349556:function:api_handler/invocations",
          "responses": {
            "default": {
              "statusCode": "200",
              "responseParameters": {
                "method.response.header.Access-Control-Allow-Origin": "'*'"
              }
            }
          },
          "passthroughBehavior": "when_no_match",
          "type": "aws_proxy"
        }
      },
      "post": {
        "description": "Create new table",
        "summary": "Creates a new table",
        "requestBody": {
          "description": "Create new table",
          "content": {
            "application/json": {
              "schema": {
                "$ref": "#/components/schemas/Table"
              }
            }
          }
        },
        "responses": {
          "200": {
            "description": "200 response",
            "headers": {
              "Access-Control-Allow-Origin": {
                "schema": {
                  "type": "string"
                }
              }
            },
            "content": {
              "application/json": {
                "schema": {
                  "$ref": "#/components/schemas/TableId"
                }
              }
            }
          },
          "400": {
            "description": "Error"
          },
          "401": {
            "description": "Unauthorized"
          }
        },
        "security": [
          {
            "authorizer": []
          }
        ],
        "x-amazon-apigateway-integration": {
          "httpMethod": "POST",
          "uri": "arn:aws:apigateway:eu-central-1:lambda:path/2015-03-31/functions/arn:aws:lambda:eu-central-1:905418349556:function:api_handler/invocations",
          "responses": {
            "default": {
              "statusCode": "200",
              "responseParameters": {
                "method.response.header.Access-Control-Allow-Origin": "'*'"
              }
            }
          },
          "passthroughBehavior": "when_no_match",
          "type": "aws_proxy"
        }
      },
      "options": {
        "responses": {
          "200": {
            "description": "200 response",
            "headers": {
              "Access-Control-Allow-Origin": {
                "schema": {
                  "type": "string"
                }
              },
              "Access-Control-Allow-Methods": {
                "schema": {
                  "type": "string"
                }
              },
              "Access-Control-Allow-Headers": {
                "schema": {
                  "type": "string"
                }
              }
            },
            "content": {
              "application/json": {
                "schema": {
                  "$ref": "#/components/schemas/Empty"
                }
              }
            }
          }
        },
        "x-amazon-apigateway-integration": {
          "responses": {
            "default": {
              "statusCode": "200",
              "responseParameters": {
                "method.response.header.Access-Control-Allow-Methods": "'*'",
                "method.response.header.Access-Control-Allow-Headers": "'Content-Type,X-Amz-Date,Authorization,X-Api-Key,X-Amz-Security-Token'",
                "method.response.header.Access-Control-Allow-Origin": "'*'"
              }
            }
          },
          "requestTemplates": {
            "application/json": "{\"statusCode\": 200}"
          },
          "passthroughBehavior": "when_no_match",
          "type": "mock"
        }
      }
    },
    "/signin": {
      "post": {
        "description": "Sign in",
        "summary": "Sign in using email and password",
        "requestBody": {
          "description": "Sign in for existing User",
          "content": {
            "application/json": {
              "schema": {
                "$ref": "#/components/schemas/SignIn"
              }
            }
          }
        },
        "responses": {
          "200": {
            "description": "200 response",
            "headers": {
              "Access-Control-Allow-Origin": {
                "schema": {
                  "type": "string"
                }
              }
            },
            "content": {
              "application/json": {
                "schema": {
                  "$ref": "#/components/schemas/AccessToken"
                }
              }
            }
          },
          "400": {
            "description": "Error"
          }
        },
        "x-amazon-apigateway-integration": {
          "httpMethod": "POST",
          "uri": "arn:aws:apigateway:eu-central-1:lambda:path/2015-03-31/functions/arn:aws:lambda:eu-central-1:905418349556:function:api_handler/invocations",
          "responses": {
            "default": {
              "statusCode": "200",
              "responseParameters": {
                "method.response.header.Access-Control-Allow-Origin": "'*'"
              }
            }
          },
          "passthroughBehavior": "when_no_match",
          "type": "aws_proxy"
        }
      },
      "options": {
        "responses": {
          "200": {
            "description": "200 response",
            "headers": {
              "Access-Control-Allow-Origin": {
                "schema": {
                  "type": "string"
                }
              },
              "Access-Control-Allow-Methods": {
                "schema": {
                  "type": "string"
                }
              },
              "Access-Control-Allow-Headers": {
                "schema": {
                  "type": "string"
                }
              }
            },
            "content": {
              "application/json": {
                "schema": {
                  "$ref": "#/components/schemas/Empty"
                }
              }
            }
          }
        },
        "x-amazon-apigateway-integration": {
          "responses": {
            "default": {
              "statusCode": "200",
              "responseParameters": {
                "method.response.header.Access-Control-Allow-Methods": "'*'",
                "method.response.header.Access-Control-Allow-Headers": "'Content-Type,X-Amz-Date,Authorization,X-Api-Key,X-Amz-Security-Token'",
                "method.response.header.Access-Control-Allow-Origin": "'*'"
              }
            }
          },
          "requestTemplates": {
            "application/json": "{\"statusCode\": 200}"
          },
          "passthroughBehavior": "when_no_match",
          "type": "mock"
        }
      }
    },
    "/tables/{tableId}": {
      "get": {
        "description": "Get table info",
        "summary": "Get information on a table",
        "parameters": [
          {
            "name": "tableId",
            "in": "path",
            "required": true,
            "schema": {
              "type": "string"
            }
          }
        ],
        "responses": {
          "200": {
            "description": "200 response",
            "headers": {
              "Access-Control-Allow-Origin": {
                "schema": {
                  "type": "string"
                }
              }
            },
            "content": {
              "application/json": {
                "schema": {
                  "$ref": "#/components/schemas/Table"
                }
              }
            }
          },
          "400": {
            "description": "Invalid data"
          },
          "401": {
            "description": "Unauthorized request"
          }
        },
        "security": [
          {
            "authorizer": []
          }
        ],
        "x-amazon-apigateway-integration": {
          "httpMethod": "POST",
          "uri": "arn:aws:apigateway:eu-central-1:lambda:path/2015-03-31/functions/arn:aws:lambda:eu-central-1:905418349556:function:api_handler/invocations",
          "responses": {
            "default": {
              "statusCode": "200",
              "responseParameters": {
                "method.response.header.Access-Control-Allow-Origin": "'*'"
              }
            }
          },
          "passthroughBehavior": "when_no_match",
          "type": "aws_proxy"
        }
      },
      "options": {
        "parameters": [
          {
            "name": "tableId",
            "in": "path",
            "required": true,
            "schema": {
              "type": "string"
            }
          }
        ],
        "responses": {
          "200": {
            "description": "200 response",
            "headers": {
              "Access-Control-Allow-Origin": {
                "schema": {
                  "type": "string"
                }
              },
              "Access-Control-Allow-Methods": {
                "schema": {
                  "type": "string"
                }
              },
              "Access-Control-Allow-Headers": {
                "schema": {
                  "type": "string"
                }
              }
            },
            "content": {
              "application/json": {
                "schema": {
                  "$ref": "#/components/schemas/Empty"
                }
              }
            }
          }
        },
        "x-amazon-apigateway-integration": {
          "responses": {
            "default": {
              "statusCode": "200",
              "responseParameters": {
                "method.response.header.Access-Control-Allow-Methods": "'*'",
                "method.response.header.Access-Control-Allow-Headers": "'Content-Type,X-Amz-Date,Authorization,X-Api-Key,X-Amz-Security-Token'",
                "method.response.header.Access-Control-Allow-Origin": "'*'"
              }
            }
          },
          "requestTemplates": {
            "application/json": "{\"statusCode\": 200}"
          },
          "passthroughBehavior": "when_no_match",
          "type": "mock"
        }
      }
    },
    "/signup": {
      "post": {
        "description": "Sign up",
        "summary": "Sign up a new user",
        "requestBody": {
          "description": "Payload to sign up a new user",
          "content": {
            "application/json": {
              "schema": {
                "$ref": "#/components/schemas/SignUp"
              }
            }
          }
        },
        "responses": {
          "200": {
            "description": "200 response",
            "headers": {
              "Access-Control-Allow-Origin": {
                "schema": {
                  "type": "string"
                }
              }
            },
            "content": {
              "application/json": {
                "schema": {
                  "$ref": "#/components/schemas/Empty"
                }
              }
            }
          },
          "400": {
            "description": "Error"
          }

        },
        "x-amazon-apigateway-integration": {
          "httpMethod": "POST",
          "uri": "arn:aws:apigateway:eu-central-1:lambda:path/2015-03-31/functions/arn:aws:lambda:eu-central-1:905418349556:function:api_handler/invocations",
          "responses": {
            "default": {
              "statusCode": "200",
              "responseParameters": {
                "method.response.header.Access-Control-Allow-Origin": "'*'"
              }
            }
          },
          "passthroughBehavior": "when_no_match",
          "type": "aws_proxy"
        }
      },
      "options": {
        "responses": {
          "200": {
            "description": "200 response",
            "headers": {
              "Access-Control-Allow-Origin": {
                "schema": {
                  "type": "string"
                }
              },
              "Access-Control-Allow-Methods": {
                "schema": {
                  "type": "string"
                }
              },
              "Access-Control-Allow-Headers": {
                "schema": {
                  "type": "string"
                }
              }
            },
            "content": {
              "application/json": {
                "schema": {
                  "$ref": "#/components/schemas/Empty"
                }
              }
            }
          }
        },
        "x-amazon-apigateway-integration": {
          "responses": {
            "default": {
              "statusCode": "200",
              "responseParameters": {
                "method.response.header.Access-Control-Allow-Methods": "'*'",
                "method.response.header.Access-Control-Allow-Headers": "'Content-Type,X-Amz-Date,Authorization,X-Api-Key,X-Amz-Security-Token'",
                "method.response.header.Access-Control-Allow-Origin": "'*'"
              }
            }
          },
          "requestTemplates": {
            "application/json": "{\"statusCode\": 200}"
          },
          "passthroughBehavior": "when_no_match",
          "type": "mock"
        }
      }
    }
  },
  "components": {
    "schemas": {
      "Empty": {
        "title": "Empty Schema",
        "type": "object"
      },
      "TableId": {
        "description": "Response with Table ID",
        "type": "object",
        "properties": {
          "id": {
            "type": "integer",
            "example": 1,
            "description": "Unique ID"
          }
        }
      },
      "TableList": {
        "description": "List of Tables",
        "type": "object",
        "properties": {
          "tables": {
            "type": "array",
            "items": {
              "$ref": "#/components/schemas/Table"
            }
          }
        }
      },
      "Table": {
        "description": "Table object",
        "type": "object",
        "properties": {
          "id": {
            "type": "integer",
            "example": 11,
            "description": "Unique ID"
          },
          "number": {
            "type": "integer",
            "example": 11,
            "description": "Table number"
          },
          "places": {
            "type": "integer",
            "example": 11,
            "description": "Amount of people table can handle"
          },
          "isVip": {
            "type": "boolean",
            "example": true,
            "description": "Is this table in the VIP hall"
          },
          "minOrder": {
            "type": "integer",
            "example": 11,
            "description": "Table requires minimum order"
          }
        }
      },
      "SignUp": {
        "description": "Sign up object",
        "type": "object",
        "properties": {
          "firstName": {
            "type": "string",
            "example": "John",
            "description": "First name"
          },
          "lastName": {
            "type": "string",
            "example": "Doe",
            "description": "Last name"
          },
          "email": {
            "type": "string",
            "example": "email@email.com",
            "description": "Email"
          },
          "password": {
            "type": "string",
            "example": "123!asdfSDF",
            "description": "12+ alphanumeric password"
          }
        }
      },
      "SignIn": {
        "description": "Sign in object",
        "type": "object",
        "properties": {
          "email": {
            "type": "string",
            "example": "email@email.com",
            "description": "Email"
          },
          "password": {
            "type": "string",
            "example": "123!asdfSDF",
            "description": "12+ alphanumeric string"
          }
        }
      },
      "AccessToken": {
        "description": "Bearer Access token object",
        "type": "object",
        "properties": {
          "accessToken": {
            "type": "string",
            "example": "",
            "description": "Bearer header access token to use for Authorization"
          }
        }
      },
      "ReservationList": {
        "description": "List of Reservations",
        "type": "object",
        "properties": {
          "reservations": {
            "type": "array",
            "items": {
              "$ref": "#/components/schemas/Reservation"
            }
          }
        }
      },
      "Reservation": {
        "description": "Reservation object for reserving the table",
        "type": "object",
        "properties": {
          "tableNumber": {
            "type": "integer",
            "example": 11,
            "description": "Table number to reserve"
          },
          "clientName": {
            "type": "string",
            "example": "John Doe",
            "description": "Client's name"
          },
          "phoneNumber": {
            "type": "string",
            "example": "+1234567890",
            "description": "Client's phone number"
          },
          "date": {
            "type": "string",
            "example": "2030-12-31",
            "description": "Reservation date in yyyy-MM-dd format"
          },
          "slotTimeStart": {
            "type": "string",
            "example": "11:00",
            "description": "Start of slot time in HH:MM format"
          },
          "slotTimeEnd": {
            "type": "string",
            "example": "13:00",
            "description": "End of slot time  in HH:MM format"
          }
        }
      },
      "ReservationId": {
        "description": "Response with Reservation ID",
        "type": "object",
        "properties": {
          "reservationId": {
            "type": "string",
            "example": "",
            "description": "Reservation Id"
          }
        }
      }
    },
    "securitySchemes": {
      "authorizer": {
        "type": "apiKey",
        "name": "Authorization",
        "in": "header",
        "x-amazon-apigateway-authtype": "cognito_user_pools",
        "x-amazon-apigateway-authorizer": {
          "x-syndicate-cognito-userpool-names": ["${booking_userpool}"],
          "type": "cognito_user_pools"
        }
      }
    }
  }
}